subject,time_ms,status,success
000.neg.1,879,0,false
000.pos.1,726,0,true
001.neg.1,737,0,false
001.pos.1,730,0,true
002.neg.1,757,0,false
002.pos.1,763,0,true
010.neg.1,771,0,false
010.pos.1,731,0,true
011.neg.1,763,0,false
011.pos.1,779,0,true
012.neg.1,777,0,false
012.pos.1,748,0,true
013.neg.1,771,0,false
013.pos.1,806,0,true
014.neg.1,777,0,false
014.pos.1,754,0,true
015.neg.1,766,0,false
015.pos.1,752,0,true
020.neg.1,714,0,false
020.pos.1,710,0,true
021.neg.1,775,0,false
021.pos.1,783,0,true
030.pos.1,655,0,true
031.pos.1,715,0,true
032.pos.1,772,0,true
033.pos.1,775,0,true
040.neg.1,773,0,false
040.pos.1,777,0,true
041.neg.1,840,0,false
041.pos.1,843,0,true
042.neg.1,835,0,false
042.pos.1,856,0,true
043.neg.1,854,0,false
043.pos.1,843,0,true
044.neg.1,885,0,false
044.pos.1,856,0,true
045.neg.1,858,0,false
045.pos.1,790,0,true
050.neg.1,781,0,false
050.pos.1,743,0,true
051.neg.1,732,0,false
051.pos.1,729,0,true
052.neg.1,734,0,false
052.pos.1,734,0,true
053.neg.1,766,0,false
053.pos.1,802,0,true
054.neg.1,771,0,true
054.pos.1,735,0,true
055.neg.1,768,0,false
055.pos.1,766,0,true
060.neg.1,755,0,false
060.pos.1,784,0,true
061.neg.1,792,0,false
061.pos.1,764,0,true
062.neg.1,810,0,false
062.pos.1,778,0,true
063.neg.1,822,0,false
063.pos.1,799,0,true
064.neg.1,797,0,false
064.pos.1,783,0,true
065.neg.1,795,0,false
065.pos.1,821,0,true
066.neg.1,851,0,false
066.pos.1,770,0,true
067.neg.1,793,0,false
067.pos.1,776,0,true
068.neg.1,764,0,false
068.pos.1,744,0,true
070.neg.1,731,0,false
070.pos.1,731,0,true
071.neg.1,755,0,false
071.pos.1,747,0,true
072.neg.1,758,0,false
072.pos.1,777,0,true
073.neg.1,783,0,false
073.pos.1,742,0,true
075.neg.1,738,0,false
075.pos.1,729,0,true
076.neg.1,732,0,false
076.pos.1,736,0,true
080.neg.1,733,0,false
080.pos.1,727,0,true
081.neg.1,786,0,false
081.pos.1,775,0,true
082.neg.1,866,0,false
082.pos.1,796,0,true
083.neg.1,805,0,false
083.pos.1,792,0,true
084.neg.1,781,0,false
084.pos.1,773,0,true
085.neg.1,855,0,false
085.pos.1,823,0,true
086.neg.1,830,0,false
086.pos.1,811,0,true
090.neg.1,799,0,false
090.pos.1,769,0,true
091.neg.1,785,0,false
091.pos.1,774,0,true
092.neg.1,860,0,false
092.pos.1,771,0,true
093.neg.1,859,0,false
093.pos.1,754,0,true
094.neg.1,857,0,false
094.pos.1,815,0,true
095.neg.1,859,0,false
095.pos.1,823,0,true
100.neg.1,769,0,false
100.pos.1,746,0,true
101.neg.1,857,0,false
101.pos.1,811,0,true
102.neg.1,841,0,false
102.pos.1,805,0,true
103.neg.1,841,0,false
103.pos.1,817,0,true
104.neg.1,889,0,false
104.pos.1,806,0,true
108.neg.1,812,0,false
108.pos.1,778,0,true
109.neg.1,808,0,false
109.pos.1,790,0,true
110.neg.1,855,0,false
110.pos.1,858,0,true
111.neg.1,818,0,false
111.pos.1,824,0,true
113.neg.1,860,0,false
113.pos.1,815,0,true
120.neg.1,779,0,false
120.pos.1,756,0,true
121.neg.1,777,0,false
121.pos.1,758,0,true
122.neg.1,792,0,false
122.pos.1,783,0,true
123.neg.1,821,0,false
123.pos.1,815,0,true
124.neg.1,805,0,false
124.pos.1,814,0,true
125.neg.1,819,0,false
125.pos.1,767,0,true
126.neg.1,835,0,false
126.pos.1,804,0,true
130.neg.1,778,0,false
130.pos.1,809,0,true
133.neg.1,846,0,false
133.pos.1,810,0,true
140.neg.1,814,0,false
140.pos.1,734,0,true
141.neg.1,760,0,false
141.pos.1,765,0,true
142.neg.1,857,0,false
142.pos.1,842,0,true
143.neg.1,848,0,false
143.pos.1,860,0,true
145.neg.1,879,0,false
145.pos.1,875,0,true
150.neg.1,777,0,false
150.pos.1,758,0,true
151.neg.1,749,0,false
151.pos.1,744,0,true
152.neg.1,780,0,false
152.pos.1,778,0,true
153.neg.1,1031,0,false
153.pos.1,922,0,true
154.neg.1,863,0,false
154.pos.1,804,0,true
160.neg.1,828,0,false
160.pos.1,789,0,true
161.neg.1,795,0,false
161.pos.1,770,0,true
162.neg.1,854,0,false
162.pos.1,841,0,true
163.neg.1,863,0,false
163.pos.1,850,0,true
164.neg.1,897,0,false
164.pos.1,938,0,true
170.neg.1,845,0,false
170.pos.1,761,0,true
171.neg.1,847,0,false
171.pos.1,951,0,true
172.neg.1,909,0,false
172.pos.1,867,0,true
173.neg.1,936,0,false
173.pos.1,867,0,true
180.neg.1,856,0,false
180.pos.1,947,0,true
181.neg.1,873,0,false
181.pos.1,846,0,true
182.neg.1,914,0,false
182.pos.1,831,0,true
183.neg.1,815,0,false
183.pos.1,799,0,true
190.neg.1,772,0,false
190.pos.1,766,0,true
191.neg.1,857,0,false
191.pos.1,837,0,true
192.neg.1,895,0,false
192.pos.1,881,0,true
194.neg.1,849,0,false
194.pos.1,834,0,true
200.neg.1,869,0,false
200.pos.1,841,0,true
201.neg.1,894,0,false
201.pos.1,845,0,true
202.neg.1,905,0,false
202.pos.1,986,0,true
203.neg.1,1023,0,false
203.pos.1,955,0,true
210.neg.1,814,0,false
210.pos.1,795,0,true
211.neg.1,852,0,false
211.pos.1,838,0,true
212.neg.1,857,0,false
212.pos.1,815,0,true
213.neg.1,887,0,false
213.pos.1,818,0,true
214.neg.1,834,0,false
214.pos.1,791,0,true
220.neg.1,870,0,false
220.pos.1,849,0,true
221.neg.1,932,0,false
221.pos.1,893,0,true
222.neg.1,884,0,false
222.pos.1,847,0,true
223.neg.1,989,0,false
223.pos.1,953,0,true
230.neg.1,887,0,false
230.pos.1,912,0,true
231.neg.1,938,0,false
231.pos.1,894,0,true
232.neg.1,855,0,false
232.pos.1,838,0,true
233.neg.1,931,0,false
233.pos.1,889,0,true
240.neg.1,919,0,false
240.pos.1,1013,0,true
241.neg.1,1022,0,false
241.pos.1,1105,0,true
250.neg.1,1098,0,false
250.pos.1,995,0,true
251.neg.1,1109,0,false
251.pos.1,980,0,true
260.neg.1,813,0,false
260.pos.1,764,0,true
261.neg.1,855,0,false
261.pos.1,822,0,true
262.neg.1,890,0,false
262.pos.1,826,0,true
263.neg.1,887,0,false
263.pos.1,792,0,true
270.neg.1,764,0,false
270.pos.1,730,0,true
271.neg.1,863,0,false
271.pos.1,827,0,true
272.neg.1,891,0,false
272.pos.1,834,0,true
273.neg.1,940,0,false
273.pos.1,881,0,true
280.neg.1,796,0,false
280.pos.1,744,0,true
281.neg.1,778,0,false
281.pos.1,753,0,true
290.neg.1,808,0,false
290.pos.1,757,0,true
291.neg.1,922,0,false
291.pos.1,853,0,true
292.neg.1,935,0,false
292.pos.1,842,0,true
300.neg.1,797,0,false
300.pos.1,797,0,true
301.neg.1,770,0,false
301.pos.1,829,0,true
302.neg.1,839,0,false
302.pos.1,811,0,true
303.neg.1,804,0,false
303.pos.1,772,0,true
311.neg.1,849,0,false
311.pos.1,789,0,true
320.neg.1,839,0,false
320.pos.1,791,0,true
321.neg.1,847,0,false
321.pos.1,812,0,true
322.neg.1,820,0,false
322.pos.1,795,0,true
323.neg.1,889,0,false
323.pos.1,856,0,true
330.neg.1,859,0,false
330.pos.1,822,0,true
331.neg.1,881,0,false
331.pos.1,817,0,true
332.neg.1,861,0,false
332.pos.1,821,0,true
333.neg.1,987,0,false
333.pos.1,926,0,true
340.neg.1,1040,0,false
340.pos.1,889,0,true
341.neg.1,1059,0,false
341.pos.1,950,0,true
350.neg.1,865,0,false
350.pos.1,769,0,true
351.neg.1,967,0,false
351.pos.1,908,0,true
352.neg.1,928,0,false
352.pos.1,881,0,true
360.neg.1,799,0,false
360.pos.1,784,0,true
362.neg.1,826,0,false
362.pos.1,826,0,true
363.neg.1,845,0,false
363.pos.1,826,0,true
370.neg.1,755,0,false
370.pos.1,730,0,true
371.neg.1,802,0,false
371.pos.1,781,0,true
372.neg.1,757,0,false
372.pos.1,734,0,true
380.neg.1,859,0,false
380.pos.1,803,0,true
381.neg.1,947,0,false
381.pos.1,855,0,true
390.neg.1,763,0,false
390.pos.1,742,0,true
391.neg.1,835,0,false
391.pos.1,788,0,true
392.neg.1,779,0,false
392.pos.1,771,0,true
400.neg.1,995,0,false
400.pos.1,994,0,true
401.neg.1,1013,0,false
401.pos.1,999,0,true
410.neg.1,885,0,false
410.pos.1,830,0,true
411.neg.1,781,0,true
411.pos.1,782,0,true
420.neg.1,754,0,false
420.pos.1,745,0,true
421.neg.1,809,0,false
421.pos.1,788,0,true
422.neg.1,829,0,false
422.pos.1,794,0,true
430.neg.1,778,0,false
430.pos.1,749,0,true
431.neg.1,845,0,false
431.pos.1,800,0,true
432.neg.1,998,0,false
432.pos.1,891,0,true
440.neg.1,764,0,false
440.pos.1,738,0,true
441.neg.1,902,0,false
441.pos.1,856,0,true
442.neg.1,916,0,false
442.pos.1,868,0,true
450.neg.1,1172,0,false
450.pos.1,992,0,true
451.neg.1,1179,0,false
451.pos.1,1040,0,true
470.neg.1,980,0,false
470.pos.1,898,0,true
471.neg.1,1182,0,false
471.pos.1,1100,0,true
481.neg.1,1179,0,false
481.pos.1,1093,0,true
490.neg.1,5291,0,false
490.pos.1,865,0,true
500.neg.1,950,0,false
500.pos.1,30250,0,true
510.neg.1,993,0,false
510.pos.1,772,0,true
511.neg.1,872,0,false
511.pos.1,791,0,true
520.neg.1,792,0,false
520.pos.1,786,0,true
521.neg.1,788,1,false
521.pos.1,811,0,true
522.neg.1,819,0,false
522.pos.1,815,0,true
523.neg.1,768,0,false
523.pos.1,762,0,true
524.neg.1,818,0,false
524.pos.1,814,0,true
525.neg.1,820,1,false
525.pos.1,826,0,true
526.neg.1,810,1,false
526.pos.1,823,0,true
527.neg.1,860,1,false
527.pos.1,855,0,true
528.neg.1,829,1,false
528.pos.1,824,0,true
530.neg.1,993,0,false
530.pos.1,965,0,true
540.neg.1,1115,0,false
540.pos.1,1082,0,true
550.neg.1,737,0,false
550.pos.1,774,0,true
551.neg.1,814,0,true
551.pos.1,852,0,true
560.neg.1,828,0,false
560.pos.1,795,0,true
970_getAddrSpec.neg.1,876,0,false
970_getAddrSpec.pos.1,831,0,true
971_getAddrSpec.neg.1,861,0,false
971_getAddrSpec.pos.1,839,0,true
980_parser.neg.1,856,0,false
980_parser.pos.1,818,0,true
990_lsb_check.neg.1,839,0,false
990_lsb_check.pos.1,817,0,true
