subject,goal,time_ms,success
000,1,35.665784,true
001,1,38.372286,true
002,1,33.99904,true
010,1,34.857514,true
011,1,38.448163,true
011,2,7.805574,true
011,3,4.062776,true
012,1,37.805126,true
012,2,8.36202,true
012,3,4.037869,true
013,1,23.179247,true
013,2,26.238175,true
014,1,31.187637,true
014,2,3.778679,true
014,3,0.584531,true
014,4,3.091344,true
014,5,12.525799,true
015,1,32.717732,true
015,2,4.752444,true
015,3,0.632128,true
015,4,2.979117,true
015,5,7.788899,true
020,1,34.994436,true
021,1,23.397601,true
021,2,15.03078,true
021,3,4.169281,true
021,4,14.675378,true
031,1,21.45354,true
032,1,17.605841,true
032,2,21.188256,true
032,3,4.5188,true
033,1,22.68456,true
033,2,0.23189,true
033,3,6.124184,true
040,1,35.837871,true
041,1,39.116003,true
041,2,7.523689,true
041,3,7.179234,true
041,4,5.177932,true
042,1,50.571403,true
042,2,21.301108,true
042,3,10.149186,true
043,1,42.107198,true
043,2,8.936531,true
043,3,4.624418,true
044,1,41.658126,true
044,2,8.640468,true
044,3,6.752473,true
045,1,35.940456,true
045,2,8.563543,true
045,3,7.796494,true
045,4,5.818774,true
050,1,43.38838,true
051,1,40.085761,true
052,1,36.568297,true
053,1,14.969912,true
053,2,33.446794,true
053,3,5.636994,true
054,1,31.237646,true
054,2,28.248075,true
055,1,41.694309,true
055,2,9.318856,true
055,3,0.04408,true
055,4,0.875699,true
060,1,36.678197,true
061,1,39.178327,true
061,2,8.01903,true
061,3,7.129638,true
061,4,7.435669,true
062,1,41.393479,true
062,2,7.231463,true
062,3,7.735642,true
062,4,6.067479,true
063,1,22.568833,true
063,2,24.421111,true
063,3,4.000902,true
063,4,10.059134,true
064,1,22.901698,true
064,2,0.408049,true
064,3,5.029122,true
064,4,23.518425,true
065,1,38.759529,true
065,2,4.79139,true
065,3,2.334398,true
065,4,5.234848,true
066,1,33.22486,true
066,2,3.903803,true
066,3,14.713949,true
067,1,44.085652,true
067,2,3.270932,true
067,3,11.822674,true
068,1,42.790572,true
068,2,10.498476,true
068,3,9.106391,true
068,4,8.04457,true
070,1,38.028189,true
071,1,24.62852,true
071,2,24.42747,true
072,1,41.138298,true
072,2,6.696787,true
072,3,5.797009,true
073,1,41.313924,true
073,2,7.59994,true
075,1,46.577646,true
076,1,41.949935,true
080,1,37.851022,true
081,1,41.493673,true
081,2,19.633975,true
081,3,4.514469,true
082,1,40.723843,true
082,2,30.299494,true
082,3,6.772191,true
083,1,42.297137,true
083,2,27.537297,true
083,3,5.91007,true
084,1,26.703674,true
084,2,28.201295,true
084,3,6.474202,true
085,1,31.576754,true
085,2,5.871751,true
085,3,7.216877,true
085,4,4.49098,true
085,5,0.203446,true
085,6,3.624916,true
085,7,25.322975,true
085,8,3.588705,true
085,9,1.631507,true
086,1,22.247664,true
086,2,0.389852,true
086,3,40.113539,true
086,4,4.135288,true
086,5,8.688216,true
090,1,46.26198,true
091,1,46.837893,true
092,1,50.072428,true
093,1,36.473989,true
094,1,24.359856,true
094,2,37.100288,true
094,3,6.13869,true
094,4,8.082343,true
094,5,0.65215,true
095,1,22.17784,true
095,2,0.320609,true
095,3,40.602244,true
095,4,4.265024,true
095,5,10.139031,true
100,1,37.953642,true
101,1,38.414005,true
101,2,8.036422,true
101,3,19.52374,true
101,4,7.743963,true
101,5,14.831153,true
102,1,23.131607,true
102,2,0.411389,true
102,3,39.489901,true
102,4,4.214435,true
102,5,8.45668,true
103,1,24.717647,true
103,2,1.372351,true
103,3,2.344984,true
103,4,43.168896,true
103,5,4.627692,true
103,6,1.829872,true
103,7,9.351078,true
104,1,23.9097,true
104,2,4.271344,true
104,3,41.344658,true
104,4,4.152103,true
104,5,6.057801,true
108,1,37.683761,true
108,2,10.525473,true
108,3,9.116465,true
108,4,12.762879,true
108,5,6.253477,true
109,1,36.613689,true
109,2,8.629495,true
109,3,7.204161,true
109,4,13.966823,true
110,1,22.774033,true
110,2,0.254939,true
110,3,45.346626,true
110,4,4.371871,true
111,1,23.487864,true
111,2,6.008011,true
111,3,41.859842,true
111,4,4.554476,true
113,1,22.479981,true
113,2,0.345161,true
113,3,0.033703,true
113,4,6.262331,true
113,5,46.982195,true
120,1,42.122872,true
120,2,20.494163,true
121,1,25.05871,true
121,2,34.122032,true
122,1,42.050968,true
122,2,16.109088,true
123,1,35.969247,true
123,2,4.104201,true
123,3,0.047131,true
123,4,27.746072,true
123,5,6.01124,true
124,1,41.655603,true
124,2,22.725736,true
124,3,3.888046,true
124,4,0.194757,true
124,5,5.2287,true
125,1,29.189711,true
125,2,5.218558,true
125,3,29.567726,true
126,1,25.814598,true
126,2,5.380363,true
126,3,25.390736,true
126,4,23.870199,true
130,1,42.971788,true
130,2,22.003397,true
133,1,38.968473,true
133,2,5.645744,true
133,3,2.753685,true
133,4,27.775878,true
140,1,37.085401,true
141,1,46.758409,true
142,1,23.991434,true
142,2,2.020262,true
142,3,3.287116,true
142,4,6.549831,true
142,5,36.273837,true
142,6,40.042188,true
143,1,25.005984,true
143,2,1.98942,true
143,3,5.565711,true
143,4,7.349485,true
143,5,36.904531,true
143,6,40.858191,true
145,1,23.33156,true
145,2,3.413695,true
145,3,2.651293,true
145,4,5.491407,true
145,5,35.441164,true
145,6,39.47113,true
150,1,38.591198,true
150,2,9.869697,true
150,3,20.227026,true
151,1,39.147,true
151,2,5.278659,true
152,1,38.173864,true
152,2,12.976963,true
153,1,22.810445,true
153,2,0.3814,true
153,3,39.812575,true
153,4,3.717513,true
153,5,8.446259,true
154,1,41.408627,true
154,2,20.389059,true
154,3,17.797513,true
160,1,36.871995,true
160,2,58.068094,true
160,3,14.558793,true
161,1,75.783756,true
162,1,85.782194,true
162,2,12.457965,true
163,1,43.789553,true
163,2,0.720888,true
163,3,48.417622,true
163,4,3.932157,true
163,5,9.849681,true
164,1,23.780245,true
164,2,22.322771,true
164,3,22.690474,true
170,1,42.238638,true
171,1,22.513307,true
171,2,0.231815,true
171,3,40.826932,true
171,4,4.439263,true
172,1,22.519117,true
172,2,0.244358,true
172,3,53.645419,true
172,4,5.629554,true
172,5,5.161619,true
173,1,28.395325,true
173,2,0.583715,true
173,3,0.079685,true
173,4,8.197989,true
173,5,101.592192,true
180,1,41.899984,true
180,2,17.609977,true
180,3,7.764917,true
180,4,14.745678,true
180,5,4.842404,true
181,1,38.747895,true
181,2,8.222433,true
181,3,7.751941,true
181,4,13.88782,true
181,5,7.781177,true
182,1,50.666114,true
182,2,13.927524,true
182,3,22.036329,true
182,4,22.033283,true
182,5,9.252016,true
183,1,43.095999,true
183,2,21.939637,true
183,3,7.735593,true
183,4,14.374011,true
183,5,4.61007,true
190,1,35.311546,true
190,2,21.731624,true
191,1,40.36106,true
191,2,2.593076,true
191,3,33.288046,true
191,4,4.613751,true
191,5,1.836274,true
191,6,15.635918,true
192,1,38.794471,true
192,2,2.553905,true
192,3,50.798291,true
192,4,5.738816,true
192,5,5.334296,true
192,6,1.880043,true
192,7,9.098045,true
194,1,38.612728,true
194,2,20.242597,true
194,3,8.026377,true
194,4,5.693575,true
194,5,26.627639,true
194,6,3.940889,true
200,1,39.956195,true
200,2,2.317451,true
200,3,34.031451,true
200,4,4.458301,true
200,5,2.060231,true
200,6,13.306784,true
201,1,37.914031,true
201,2,18.218523,true
201,3,7.495101,true
201,4,2.281026,true
201,5,26.752745,true
201,6,3.678965,true
202,1,23.790856,true
202,2,0.608072,true
202,3,0.125283,true
202,4,7.4618,true
202,5,86.411115,false
203,1,38.583859,true
203,2,3.680027,true
203,3,0.042619,true
203,4,64.065764,true
203,5,4.942913,true
203,6,22.351906,true
203,7,26.738486,true
210,1,41.944223,true
211,1,43.633381,true
211,2,20.643633,true
211,3,7.593633,true
211,4,13.500894,true
211,5,5.207033,true
212,1,37.062517,true
212,2,10.726329,true
212,3,5.337098,true
212,4,6.382384,true
212,5,8.03137,true
213,1,36.354407,true
213,2,8.804097,true
213,3,7.661481,true
213,4,13.263973,true
213,5,5.15408,true
213,6,9.040469,true
214,1,38.679706,true
214,2,8.847367,true
214,3,7.766785,true
214,4,15.460803,true
220,1,38.897468,true
220,2,2.274898,true
220,3,35.239646,true
220,4,4.549972,true
220,5,1.865521,true
220,6,15.181326,true
221,1,40.606401,true
221,2,2.288209,true
221,3,0.130359,true
221,4,51.191455,true
221,5,2.006419,true
221,6,23.495259,true
222,1,32.569343,true
222,2,21.911294,true
222,3,9.856757,true
222,4,2.662939,true
222,5,33.442354,true
222,6,5.553274,true
223,1,39.896786,true
223,2,2.912791,true
223,3,40.040653,true
223,4,2.254371,true
223,5,27.889528,true
223,6,3.730715,true
223,7,2.337389,true
223,8,17.776952,true
223,9,2.211374,true
223,10,24.177697,true
230,1,53.513415,true
230,2,29.3731,true
230,3,10.66049,true
230,4,4.178039,true
230,5,35.441947,true
230,6,3.780822,true
231,1,29.318234,true
231,2,6.890886,true
231,3,4.484128,true
231,4,3.705929,true
231,5,39.528692,true
231,6,76.891908,true
232,1,32.330885,true
232,2,10.101889,true
232,3,13.258887,true
232,4,2.955357,true
232,5,29.932079,true
232,6,4.270027,true
233,1,22.872222,true
233,2,34.581775,true
233,3,3.102066,true
233,4,13.721493,true
233,5,7.259552,true
233,6,4.706731,true
233,7,28.159372,true
233,8,4.257259,true
233,9,27.043585,true
233,10,3.77056,true
240,1,24.090082,true
240,2,2.839225,true
240,3,0.112139,true
240,4,5.575484,true
240,5,20.862072,true
240,6,2.491018,true
240,7,0.030307,true
240,8,5.974546,true
240,9,4.532352,true
240,10,3.048653,true
240,11,1.857189,true
240,12,0.036463,true
240,13,12.523541,true
240,14,73.405195,true
240,15,3.450734,true
240,16,0.026965,true
240,17,6.833475,true
240,18,49.837245,true
241,1,23.697808,true
241,2,0.034927,true
241,3,20.144637,true
241,4,4.544385,true
241,5,2.090201,true
241,6,2.269404,true
241,7,2.509901,true
241,8,4.668612,true
241,9,2.975845,true
241,10,2.71606,true
241,11,48.622955,true
241,12,4.374237,true
241,13,4.295296,true
241,14,3.090424,true
241,15,32.990153,true
241,16,5.018989,true
250,1,23.859496,true
250,2,14.174956,true
250,3,2.718008,true
250,4,46.786302,true
250,5,18.692538,true
250,6,27.154524,true
250,7,3.689417,true
250,8,4.400886,true
251,1,23.720081,true
251,2,12.769857,true
251,3,4.925434,true
251,4,40.890904,true
251,5,6.355887,true
251,6,26.154975,true
251,7,31.427822,true
251,8,25.648426,true
251,9,3.847167,true
251,10,3.811983,true
260,1,50.479076,true
261,1,24.615458,true
261,2,33.70345,true
261,3,4.434331,true
261,4,19.833098,true
261,5,5.195149,true
261,6,16.440413,true
261,7,8.71146,true
262,1,33.307209,true
262,2,5.654033,true
262,3,38.271345,true
262,4,13.791578,true
262,5,7.487485,true
262,6,8.03712,true
263,1,42.575811,true
263,2,10.381557,true
263,3,2.777501,true
263,4,15.930642,true
263,5,5.865466,true
270,1,34.526613,true
271,1,22.944819,true
271,2,34.193645,true
271,3,3.42739,true
271,4,12.31759,true
271,5,3.444382,true
271,6,14.403583,true
271,7,7.218286,true
272,1,26.451596,true
272,2,43.275769,true
272,3,12.610263,true
272,4,3.735545,true
273,1,43.356395,true
273,2,25.344053,true
273,3,4.16842,true
273,4,18.784636,true
273,5,9.14301,true
273,6,6.766514,true
280,1,49.960463,true
281,1,49.548959,true
290,1,56.304632,true
291,1,24.155629,true
291,2,5.047908,true
291,3,47.085609,true
291,4,15.105275,true
291,5,0.031073,true
291,6,11.433561,true
291,7,11.382959,true
292,1,55.807104,true
292,2,14.681111,true
292,3,28.205212,true
292,4,15.445254,true
292,5,18.429655,true
300,1,40.358824,true
300,2,18.869308,true
300,3,7.257406,true
300,4,13.25925,true
301,1,22.831636,true
301,2,33.27079,true
302,1,22.376347,true
302,2,25.366258,true
302,3,10.998443,true
302,4,10.061096,true
302,5,12.124841,true
302,6,8.281376,true
303,1,35.078366,true
303,2,10.758516,true
303,3,4.871113,true
303,4,6.011121,true
311,1,42.978881,true
311,2,32.205496,true
320,1,39.987995,true
320,2,18.345405,true
320,3,7.418381,true
320,4,13.385479,true
320,5,5.526438,true
321,1,47.740031,true
321,2,9.837949,true
321,3,15.42071,true
321,4,9.744678,true
321,5,18.196108,true
322,1,35.639248,true
322,2,7.907577,true
322,3,7.11306,true
322,4,6.697562,true
322,5,12.284849,true
322,6,6.159377,true
323,1,22.867894,true
323,2,29.096298,true
323,3,11.480422,true
323,4,11.499131,true
323,5,3.793553,true
323,6,8.130628,true
323,7,10.731656,true
323,8,9.738008,true
323,9,11.765791,true
323,10,9.083906,true
330,1,24.85415,true
330,2,64.290133,true
330,3,9.661155,true
330,4,15.296883,true
330,5,5.673281,true
331,1,46.76503,true
331,2,4.03954,true
331,3,15.394148,true
331,4,11.666032,true
331,5,18.919073,true
332,1,46.296599,true
332,2,3.897756,true
332,3,9.509878,true
332,4,9.645411,true
332,5,15.297884,true
332,6,10.81485,true
333,1,23.372149,true
333,2,36.148764,true
333,3,4.666329,true
333,4,16.373032,true
333,5,16.356164,true
333,6,3.264802,true
333,7,15.64192,true
333,8,5.447066,true
333,9,18.769453,true
333,10,13.829883,true
333,11,3.092254,true
333,12,1.94795,true
333,13,2.735585,true
333,14,2.234438,true
333,15,3.459717,true
333,16,3.595605,true
333,17,2.391657,true
333,18,1.780996,true
333,19,1.822247,true
340,1,23.477754,true
340,2,13.479133,true
340,3,2.747981,true
340,4,46.637496,true
340,5,18.783194,true
340,6,27.671975,true
340,7,4.206289,true
340,8,4.31873,true
341,1,23.26795,true
341,2,13.567296,true
341,3,5.007474,true
341,4,42.766207,true
341,5,6.538805,true
341,6,27.202174,true
341,7,26.184026,true
341,8,31.121997,true
341,9,27.047803,true
341,10,4.506561,true
341,11,3.863549,true
350,1,39.102671,true
350,2,5.777107,true
350,3,6.472843,true
350,4,4.861006,true
350,5,7.111018,true
351,1,45.340308,true
351,2,15.630471,true
351,3,7.500092,true
351,4,39.458891,true
351,5,22.953641,true
351,6,40.529718,true
352,1,0.437494,true
352,2,24.118728,true
352,3,3.593207,true
352,4,0.010976,true
352,5,4.167313,true
352,6,3.870535,true
352,7,3.549767,true
352,8,2.033157,true
352,9,1.86715,true
352,10,35.577285,true
352,11,14.055325,true
352,12,0.012252,true
352,13,3.091594,true
352,14,2.764384,true
352,15,3.245934,true
352,16,11.448059,true
352,17,13.17103,true
352,18,8.641838,true
352,19,7.511965,true
360,1,41.024195,true
360,2,20.330702,true
360,3,8.008969,true
360,4,12.163696,true
362,1,39.772751,true
362,2,21.35662,true
362,3,7.953994,true
362,4,6.030081,true
362,5,2.028045,true
362,6,16.759267,true
363,1,35.943278,true
363,2,29.736424,true
363,3,28.830313,true
363,4,27.82182,true
363,5,11.882558,true
363,6,26.848169,true
370,1,34.696025,true
371,1,38.261728,true
371,2,8.979936,true
371,3,0.055436,true
371,4,18.43744,true
372,1,30.887951,true
380,1,26.183842,true
380,2,0.054261,true
380,3,54.883033,true
380,4,4.914648,true
381,1,22.785215,true
381,2,0.239962,true
381,3,0.10989,true
381,4,6.246069,true
381,5,80.594877,true
390,1,36.672419,true
391,1,23.712525,true
391,2,22.750842,true
391,3,0.041993,true
391,4,7.021211,true
391,5,6.082411,true
392,1,59.623472,true
401,1,23.613074,true
401,2,5.235643,true
401,3,3.304413,true
401,4,0.047546,true
401,5,5.177167,true
401,6,5.464949,true
401,7,6.126862,true
401,8,8.675677,true
401,9,0.044871,true
401,10,5.337057,true
401,11,79.493326,true
401,12,6.134267,true
401,13,76.370737,true
401,14,3.289022,true
410,1,22.266572,true
410,2,0.412285,true
410,3,0.030947,true
410,4,57.405392,true
410,5,4.040462,true
411,1,24.387065,true
411,2,2.45858,true
411,3,6.15398,true
411,4,4.365225,true
411,5,0.035907,true
411,6,0.034694,true
411,7,2.837308,true
411,8,4.202558,true
420,1,38.276531,true
421,1,35.780794,true
421,2,8.07597,true
421,3,0.048757,true
421,4,0.03766,true
421,5,15.746921,true
422,1,47.582394,true
422,2,14.8119,true
422,3,5.107793,true
422,4,6.950913,true
422,5,6.143548,true
422,6,5.784401,true
430,1,35.175162,true
431,1,35.530886,true
431,2,8.786353,true
431,3,14.342932,true
432,1,46.468869,true
432,2,16.523101,true
432,3,5.274904,true
432,4,5.004464,true
432,5,13.127989,true
432,6,27.12199,true
432,7,3.137531,true
432,8,3.378325,true
432,9,9.992137,true
432,10,23.079266,true
440,1,54.543129,true
441,1,46.325152,true
441,2,29.895592,true
441,3,21.57147,true
441,4,14.443589,true
441,5,0.040289,true
441,6,11.774217,true
441,7,10.666803,true
442,1,45.658329,true
442,2,26.676944,true
442,3,23.388664,true
442,4,8.582825,true
442,5,0.078447,true
442,6,15.343494,true
442,7,18.087805,true
450,1,23.265105,true
450,2,12.687846,true
450,3,4.257318,true
450,4,50.455019,true
450,5,18.126892,true
450,6,25.588043,true
450,7,18.13886,true
450,8,24.838714,true
450,9,17.704335,true
450,10,27.10076,true
450,11,4.014831,true
450,12,4.449739,true
451,1,22.520936,true
451,2,12.513709,true
451,3,4.957651,true
451,4,40.324937,true
451,5,6.211997,true
451,6,25.477626,true
451,7,26.814047,true
451,8,32.015226,true
451,9,26.132673,true
451,10,54.457998,true
451,11,3.734351,true
451,12,3.684671,true
470,1,24.87068,true
470,2,13.740745,true
470,3,2.541425,true
470,4,47.14317,true
470,5,2.608331,true
470,6,5.715985,true
470,7,17.774017,true
470,8,4.43102,true
470,9,25.936289,true
471,1,24.30889,true
471,2,34.229865,true
471,3,3.395242,true
471,4,11.407941,true
471,5,4.863595,true
471,6,6.653676,true
471,7,77.747359,true
471,8,5.854283,true
471,9,9.901291,true
471,10,0.147426,true
471,11,43.707917,true
471,12,5.687644,true
471,13,9.778516,true
471,14,5.59507,true
471,15,5.44743,true
471,16,53.305795,true
471,17,5.985872,true
471,18,18.946724,true
471,19,70.712523,true
481,1,24.265071,true
481,2,18.95842,true
481,3,4.236582,true
481,4,5.786273,true
481,5,85.528549,true
481,6,5.080967,true
481,7,12.448148,true
481,8,0.089301,true
481,9,35.787738,true
481,10,5.361518,true
481,11,8.652787,true
481,12,5.153457,true
481,13,4.500342,true
481,14,44.682854,true
481,15,5.685963,true
481,16,5.374745,true
481,17,51.27906,true
490,1,23.476177,true
490,2,0.317019,true
490,3,0.035419,true
490,4,58.994374,true
490,5,4.079202,true
490,6,9.640679,false
490,7,1.932093,true
500,1,42.313722,true
500,2,3.020235,true
500,3,0.058911,true
500,4,37.341416,true
500,5,479.510572,true
500,6,6.564463,true
500,7,0.040523,true
500,8,53.389997,true
500,9,9100.710573,true
500,10,9.047815,true
500,11,0.032404,true
500,12,27.448404,true
500,13,21164.57777,true
510,1,95.193124,true
511,1,71.778111,true
520,1,49.414417,true
520,2,21.947701,true
520,3,8.113696,true
520,4,14.721754,true
521,1,43.281949,true
521,2,20.582397,true
521,3,7.458449,true
521,4,7.84498,true
521,5,22.938973,true
522,1,23.236014,true
522,2,25.125297,true
522,3,31.233737,true
522,4,3.968575,true
523,1,25.256371,true
523,2,36.577668,true
524,1,23.759682,true
524,2,27.066749,true
524,3,11.667982,true
524,4,10.977374,true
524,5,13.38959,true
524,6,8.963473,true
525,1,24.638151,true
525,2,26.782494,true
525,3,11.871137,true
525,4,10.899996,true
525,5,29.655469,true
525,6,10.281129,true
526,1,22.865712,true
526,2,29.278104,true
526,3,12.678011,true
526,4,12.165149,true
526,5,32.049977,true
526,6,9.99419,true
527,1,22.524813,true
527,2,27.899976,true
527,3,11.683841,true
527,4,10.57181,true
527,5,28.59145,true
527,6,7.897721,true
527,7,11.745713,true
528,1,22.831338,true
528,2,26.877464,true
528,3,11.234861,true
528,4,10.67862,true
528,5,28.128929,true
528,6,7.340493,true
528,7,14.018618,true
530,1,27.033402,true
530,2,15.236262,true
530,3,3.18334,true
530,4,74.832881,true
530,5,49.503303,true
530,6,34.062012,true
530,7,8.306537,true
530,8,5.105987,true
530,9,8.711736,true
540,1,24.117527,true
540,2,13.26301,true
540,3,3.136236,true
540,4,73.827598,true
540,5,50.108876,true
540,6,36.549116,true
540,7,57.68857,true
540,8,33.730964,true
540,9,9.09694,true
540,10,5.266772,true
540,11,8.372142,true
550,1,38.142433,true
551,1,21.84532,true
551,2,0.296891,true
551,3,61.896334,true
551,4,4.472126,true
560,1,34.256201,true
560,2,5.539989,true
560,3,35.266379,true
560,4,7.942779,true
980_parser,1,38.127645,true
980_parser,2,26.156811,true
980_parser,3,16.045488,true
980_parser,4,19.547481,true
990_lsb_check,1,38.385229,true
990_lsb_check,2,2.434799,true
990_lsb_check,3,36.408999,true
990_lsb_check,4,4.570469,true
990_lsb_check,5,1.929753,true
990_lsb_check,6,15.420057,true
